date,cat_id,model,predicted,actual,residual,absolute_error,squared_error,absolute_percentage_error,model_rank,is_best_model
2016-04-25,FOODS,ETS,2938.448251824604,2893,-45.448251824604085,45.448251824604085,2065.5435939126287,1.570973101438095,1,TRUE
2016-04-26,FOODS,ETS,2635.775523744601,2518,-117.77552374460083,117.77552374460083,13871.073993315034,4.677344072462305,1,TRUE
2016-04-27,FOODS,ETS,2588.4329295253237,2467,-121.43292952532374,121.43292952532374,14745.956373102243,4.922291427860711,1,TRUE
2016-04-28,FOODS,ETS,2580.198898044598,2446,-134.19889804459808,134.19889804459808,18009.34423638443,5.486463534120936,1,TRUE
2016-04-29,FOODS,ETS,2931.3990996892835,3032,100.6009003107165,100.6009003107165,10120.541143326718,3.3179716461318107,1,TRUE
2016-04-30,FOODS,ETS,3773.7650297565087,3950,176.23497024349126,176.23497024349126,31058.76473672425,4.461644816290918,1,TRUE
2016-05-01,FOODS,ETS,3909.611744127743,4254,344.3882558722571,344.3882558722571,118603.27078273523,8.095633659432465,1,TRUE
2016-05-02,FOODS,ETS,2938.448251824604,3278,339.5517481753959,339.5517481753959,115295.38968896748,10.358503605106648,1,TRUE
2016-05-03,FOODS,ETS,2635.775523744601,2997,361.22447625539917,361.22447625539917,130483.12224598744,12.052868743923897,1,TRUE
2016-05-04,FOODS,ETS,2588.4329295253237,2840,251.56707047467626,251.56707047467626,63285.99094721073,8.857995439249164,1,TRUE
2016-05-05,FOODS,ETS,2580.198898044598,2735,154.80110195540192,154.80110195540192,23963.38116660674,5.660003727802629,1,TRUE
2016-05-06,FOODS,ETS,2931.3990996892835,3303,371.6009003107165,371.6009003107165,138087.22911173507,11.250405701202437,1,TRUE
2016-05-07,FOODS,ETS,3773.7650297565087,4106,332.23497024349126,332.23497024349126,110380.07545269352,8.091450809632033,1,TRUE
2016-05-08,FOODS,ETS,3909.611744127743,3630,-279.6117441277429,279.6117441277429,78182.72745415836,7.702802868532863,1,TRUE
2016-05-09,FOODS,ETS,2938.448251824604,3245,306.5517481753959,306.5517481753959,93973.97430939136,9.446895167192478,1,TRUE
2016-05-10,FOODS,ETS,2635.775523744601,2896,260.22447625539917,260.22447625539917,67716.7780423968,8.985651804399144,1,TRUE
2016-05-11,FOODS,ETS,2588.4329295253237,2687,98.56707047467626,98.56707047467626,9715.467381959796,3.6682943980154916,1,TRUE
2016-05-12,FOODS,ETS,2580.198898044598,2663,82.80110195540192,82.80110195540192,6856.022485028863,3.109316633698908,1,TRUE
2016-05-13,FOODS,ETS,2931.3990996892835,3365,433.6009003107165,433.6009003107165,188009.7407502639,12.885613679367502,1,TRUE
2016-05-14,FOODS,ETS,3773.7650297565087,4046,272.23497024349126,272.23497024349126,74111.87902347457,6.7284965458104615,1,TRUE
2016-05-15,FOODS,ETS,3909.611744127743,4717,807.3882558722571,807.3882558722571,651875.7957204453,17.11656255824162,1,TRUE
2016-05-16,FOODS,ETS,2938.448251824604,3198,259.5517481753959,259.5517481753959,67367.10998090413,8.116064670900434,1,TRUE
2016-05-17,FOODS,ETS,2635.775523744601,2794,158.22447625539917,158.22447625539917,25034.984886295377,5.663009171632039,1,TRUE
2016-05-18,FOODS,ETS,2588.4329295253237,2816,227.56707047467626,227.56707047467626,51786.77156442627,8.081216991288219,1,TRUE
2016-05-19,FOODS,ETS,2580.198898044598,2854,273.8011019554019,273.8011019554019,74967.0434319924,9.593591519110088,1,TRUE
2016-05-20,FOODS,ETS,2931.3990996892835,2993,61.6009003107165,61.6009003107165,3794.670919090832,2.0581657303948044,1,TRUE
2016-05-21,FOODS,ETS,3773.7650297565087,3783,9.2349702434912615,9.2349702434912615,85.28467539816904,0.24411763794584354,1,TRUE
2016-05-22,FOODS,ETS,3909.611744127743,4327,417.3882558722571,417.3882558722571,174212.95614008477,9.646134871094455,1,TRUE
2016-04-25,FOODS,Seasonal Naive,2886,2893,7,7,49,0.24196335983408226,3,FALSE
2016-04-26,FOODS,Seasonal Naive,2488,2518,30,30,900,1.1914217633042097,3,FALSE
2016-04-27,FOODS,Seasonal Naive,2490,2467,-23,23,529,0.9323064450749898,3,FALSE
2016-04-28,FOODS,Seasonal Naive,2533,2446,-87,87,7569,3.5568274734260017,3,FALSE
2016-04-29,FOODS,Seasonal Naive,2960,3032,72,72,5184,2.3746701846965697,3,FALSE
2016-04-30,FOODS,Seasonal Naive,3655,3950,295,295,87025,7.468354430379747,3,FALSE
2016-05-01,FOODS,Seasonal Naive,4053,4254,201,201,40401,4.724964739069112,3,FALSE
2016-05-02,FOODS,Seasonal Naive,2886,3278,392,392,153664,11.958511287370348,3,FALSE
2016-05-03,FOODS,Seasonal Naive,2488,2997,509,509,259081,16.98365031698365,3,FALSE
2016-05-04,FOODS,Seasonal Naive,2490,2840,350,350,122500,12.323943661971832,3,FALSE
2016-05-05,FOODS,Seasonal Naive,2533,2735,202,202,40804,7.385740402193784,3,FALSE
2016-05-06,FOODS,Seasonal Naive,2960,3303,343,343,117649,10.38449894035725,3,FALSE
2016-05-07,FOODS,Seasonal Naive,3655,4106,451,451,203401,10.98392596200682,3,FALSE
2016-05-08,FOODS,Seasonal Naive,4053,3630,-423,423,178929,11.652892561983471,3,FALSE
2016-05-09,FOODS,Seasonal Naive,2886,3245,359,359,128881,11.063174114021573,3,FALSE
2016-05-10,FOODS,Seasonal Naive,2488,2896,408,408,166464,14.088397790055248,3,FALSE
2016-05-11,FOODS,Seasonal Naive,2490,2687,197,197,38809,7.331596576107183,3,FALSE
2016-05-12,FOODS,Seasonal Naive,2533,2663,130,130,16900,4.88171235448742,3,FALSE
2016-05-13,FOODS,Seasonal Naive,2960,3365,405,405,164025,12.035661218424963,3,FALSE
2016-05-14,FOODS,Seasonal Naive,3655,4046,391,391,152881,9.663865546218489,3,FALSE
2016-05-15,FOODS,Seasonal Naive,4053,4717,664,664,440896,14.076743693025229,3,FALSE
2016-05-16,FOODS,Seasonal Naive,2886,3198,312,312,97344,9.75609756097561,3,FALSE
2016-05-17,FOODS,Seasonal Naive,2488,2794,306,306,93636,10.952040085898354,3,FALSE
2016-05-18,FOODS,Seasonal Naive,2490,2816,326,326,106276,11.576704545454545,3,FALSE
2016-05-19,FOODS,Seasonal Naive,2533,2854,321,321,103041,11.247372109320253,3,FALSE
2016-05-20,FOODS,Seasonal Naive,2960,2993,33,33,1089,1.1025726695623121,3,FALSE
2016-05-21,FOODS,Seasonal Naive,3655,3783,128,128,16384,3.3835580227332804,3,FALSE
2016-05-22,FOODS,Seasonal Naive,4053,4327,274,274,75076,6.332331869655651,3,FALSE
2016-04-25,FOODS,XGBoost,2663.8291015625,2893,229.1708984375,229.1708984375,52519.30069065094,7.921565794590391,2,FALSE
2016-04-26,FOODS,XGBoost,2426.79150390625,2518,91.20849609375,91.20849609375,8318.989759683609,3.622259574811358,2,FALSE
2016-04-27,FOODS,XGBoost,2300.295166015625,2467,166.704833984375,166.704833984375,27790.50167375803,6.757390919512566,2,FALSE
2016-04-28,FOODS,XGBoost,2353.751220703125,2446,92.248779296875,92.248779296875,8509.837281763554,3.771413707967089,2,FALSE
2016-04-29,FOODS,XGBoost,2810.632568359375,3032,221.367431640625,221.367431640625,49003.53979116678,7.301036663609003,2,FALSE
2016-04-30,FOODS,XGBoost,3727.640380859375,3950,222.359619140625,222.359619140625,49443.800224363804,5.629357446598101,2,FALSE
2016-05-01,FOODS,XGBoost,3683.617919921875,4254,570.382080078125,570.382080078125,325335.7172742486,13.40813540381112,2,FALSE
2016-05-02,FOODS,XGBoost,3137.229248046875,3278,140.770751953125,140.770751953125,19816.404605448246,4.294409760620042,2,FALSE
2016-05-03,FOODS,XGBoost,2960.888916015625,2997,36.111083984375,36.111083984375,1304.0103865265846,1.204907707186353,2,FALSE
2016-05-04,FOODS,XGBoost,2837.50927734375,2840,2.49072265625,2.49072265625,6.203699350357056,0.08770150198063381,2,FALSE
2016-05-05,FOODS,XGBoost,2556.354248046875,2735,178.645751953125,178.645751953125,31914.304690897465,6.531837365744973,2,FALSE
2016-05-06,FOODS,XGBoost,2858.307373046875,3303,444.692626953125,444.692626953125,197751.5324664712,13.463294791193611,2,FALSE
2016-05-07,FOODS,XGBoost,3887.3408203125,4106,218.6591796875,218.6591796875,47811.83686161041,5.325357517961519,2,FALSE
2016-05-08,FOODS,XGBoost,3482.2548828125,3630,147.7451171875,147.7451171875,21828.619652748108,4.070113421143251,2,FALSE
2016-05-09,FOODS,XGBoost,3083.759033203125,3245,161.240966796875,161.240966796875,25998.649373590946,4.968904986036209,2,FALSE
2016-05-10,FOODS,XGBoost,2358.029296875,2896,537.970703125,537.970703125,289412.4774208069,18.57633643387431,2,FALSE
2016-05-11,FOODS,XGBoost,2590.6455078125,2687,96.3544921875,96.3544921875,9284.188164710999,3.5859505838295496,2,FALSE
2016-05-12,FOODS,XGBoost,2527.130615234375,2663,135.869384765625,135.869384765625,18460.48971658945,5.1021173400535105,2,FALSE
2016-05-13,FOODS,XGBoost,3157.060546875,3365,207.939453125,207.939453125,43238.81616592407,6.179478547548292,2,FALSE
2016-05-14,FOODS,XGBoost,3529.720458984375,4046,516.279541015625,516.279541015625,266544.5644713044,12.760245699842438,2,FALSE
2016-05-15,FOODS,XGBoost,3815.461181640625,4717,901.538818359375,901.538818359375,812772.2410088181,19.112546499032753,2,FALSE
2016-05-16,FOODS,XGBoost,2720.505126953125,3198,477.494873046875,477.494873046875,228001.35378605127,14.931046686894152,2,FALSE
2016-05-17,FOODS,XGBoost,2534.226806640625,2794,259.773193359375,259.773193359375,67482.11198812723,9.297537342855225,2,FALSE
2016-05-18,FOODS,XGBoost,2468.331787109375,2816,347.668212890625,347.668212890625,120873.18625456095,12.346172332763672,2,FALSE
2016-05-19,FOODS,XGBoost,2552.858154296875,2854,301.141845703125,301.141845703125,90686.41123348475,10.551571328070253,2,FALSE
2016-05-20,FOODS,XGBoost,2964.697509765625,2993,28.302490234375,28.302490234375,801.0309534668922,0.9456227943326093,2,FALSE
2016-05-21,FOODS,XGBoost,3454.275390625,3783,328.724609375,328.724609375,108059.86880874634,8.68952179156754,2,FALSE
2016-05-22,FOODS,XGBoost,3781.170654296875,4327,545.829345703125,545.829345703125,297929.67463070154,12.614498398500693,2,FALSE
2016-04-25,HOBBIES,ETS,501.43370909948715,589,87.56629090051285,87.56629090051285,7667.855302073241,14.866942427930873,2,FALSE
2016-04-26,HOBBIES,ETS,481.0607598940982,426,-55.060759894098226,55.060759894098226,3031.6872801155355,12.92506100800428,2,FALSE
2016-04-27,HOBBIES,ETS,477.01979854686823,451,-26.01979854686823,26.01979854686823,677.029916419606,5.76935666227677,2,FALSE
2016-04-28,HOBBIES,ETS,477.6731649460317,432,-45.673164946031704,45.673164946031704,2086.037996187419,10.572491885655486,2,FALSE
2016-04-29,HOBBIES,ETS,544.7452500466834,584,39.254749953316605,39.254749953316605,1540.93539389741,6.721703759129556,2,FALSE
2016-04-30,HOBBIES,ETS,641.060692941636,636,-5.0606929416360344,5.0606929416360344,25.61061304952478,0.7957064373641564,2,FALSE
2016-05-01,HOBBIES,ETS,577.8082839963521,684,106.19171600364791,106.19171600364791,11276.680547799411,15.525104678895893,2,FALSE
2016-05-02,HOBBIES,ETS,501.48379012086934,529,27.516209879130656,27.516209879130656,757.1418061123675,5.201551962028479,2,FALSE
2016-05-03,HOBBIES,ETS,481.1072003709082,628,146.89279962909183,146.89279962909183,21577.49458287252,23.39057318934583,2,FALSE
2016-05-04,HOBBIES,ETS,477.06286312156755,565,87.93713687843245,87.93713687843245,7732.940042376165,15.564095022731408,2,FALSE
2016-05-05,HOBBIES,ETS,477.7130990234021,439,-38.713099023402094,38.713099023402094,1498.7040359957361,8.818473581640568,2,FALSE
2016-05-06,HOBBIES,ETS,544.7822811922723,570,25.217718807727692,25.217718807727692,635.933341865623,4.4241611943381915,2,FALSE
2016-05-07,HOBBIES,ETS,641.0950321785466,646,4.904967821453397,4.904967821453397,24.058709329493283,0.7592829444974298,2,FALSE
2016-05-08,HOBBIES,ETS,577.8401270077646,513,-64.84012700776464,64.84012700776464,4204.242070383049,12.639400976172443,2,FALSE
2016-05-09,HOBBIES,ETS,501.51331836514726,641,139.48668163485274,139.48668163485274,19456.534353502764,21.7607927667477,2,FALSE
2016-05-10,HOBBIES,ETS,481.1345821156446,389,-92.1345821156446,92.1345821156446,8488.781221624458,23.684982549008897,2,FALSE
2016-05-11,HOBBIES,ETS,477.0882544024632,505,27.91174559753682,27.91174559753682,779.0655423016161,5.527078336145905,2,FALSE
2016-05-12,HOBBIES,ETS,477.7366445334388,596,118.26335546656122,118.26335546656122,13986.221246210216,19.842844876939804,2,FALSE
2016-05-13,HOBBIES,ETS,544.8041151062513,588,43.19588489374871,43.19588489374871,1865.8844717539882,7.346238927508285,2,FALSE
2016-05-14,HOBBIES,ETS,641.1152789176872,806,164.8847210823128,164.8847210823128,27186.97124639209,20.457161424604568,2,FALSE
2016-05-15,HOBBIES,ETS,577.858901948722,687,109.14109805127805,109.14109805127805,11911.779283838689,15.886622714887636,2,FALSE
2016-05-16,HOBBIES,ETS,501.53072849749026,417,-84.53072849749026,84.53072849749026,7145.444060316412,20.27115791306721,2,FALSE
2016-05-17,HOBBIES,ETS,481.15072665153906,393,-88.15072665153906,88.15072665153906,7770.550609194359,22.430210343903067,2,FALSE
2016-05-18,HOBBIES,ETS,477.10322534203505,381,-96.10322534203505,96.10322534203505,9235.829921141967,25.223943659326785,2,FALSE
2016-05-19,HOBBIES,ETS,477.75052718904027,406,-71.75052718904027,71.75052718904027,5148.1381519052065,17.672543642620756,2,FALSE
2016-05-20,HOBBIES,ETS,544.816988588615,539,-5.816988588615004,5.816988588615004,33.83735624007718,1.0792186620807058,2,FALSE
2016-05-21,HOBBIES,ETS,641.1272165867417,719,77.87278341325828,77.87278341325828,6064.170396528233,10.830707011579733,2,FALSE
2016-05-22,HOBBIES,ETS,577.8699718316356,646,68.13002816836445,68.13002816836445,4641.700738222133,10.546443988910905,2,FALSE
2016-04-25,HOBBIES,Seasonal Naive,542,589,47,47,2209,7.979626485568761,3,FALSE
2016-04-26,HOBBIES,Seasonal Naive,495,426,-69,69,4761,16.19718309859155,3,FALSE
2016-04-27,HOBBIES,Seasonal Naive,363,451,88,88,7744,19.51219512195122,3,FALSE
2016-04-28,HOBBIES,Seasonal Naive,410,432,22,22,484,5.092592592592593,3,FALSE
2016-04-29,HOBBIES,Seasonal Naive,527,584,57,57,3249,9.76027397260274,3,FALSE
2016-04-30,HOBBIES,Seasonal Naive,670,636,-34,34,1156,5.345911949685535,3,FALSE
2016-05-01,HOBBIES,Seasonal Naive,714,684,-30,30,900,4.385964912280701,3,FALSE
2016-05-02,HOBBIES,Seasonal Naive,542,529,-13,13,169,2.4574669187145557,3,FALSE
2016-05-03,HOBBIES,Seasonal Naive,495,628,133,133,17689,21.17834394904459,3,FALSE
2016-05-04,HOBBIES,Seasonal Naive,363,565,202,202,40804,35.75221238938053,3,FALSE
2016-05-05,HOBBIES,Seasonal Naive,410,439,29,29,841,6.605922551252847,3,FALSE
2016-05-06,HOBBIES,Seasonal Naive,527,570,43,43,1849,7.5438596491228065,3,FALSE
2016-05-07,HOBBIES,Seasonal Naive,670,646,-24,24,576,3.7151702786377707,3,FALSE
2016-05-08,HOBBIES,Seasonal Naive,714,513,-201,201,40401,39.1812865497076,3,FALSE
2016-05-09,HOBBIES,Seasonal Naive,542,641,99,99,9801,15.44461778471139,3,FALSE
2016-05-10,HOBBIES,Seasonal Naive,495,389,-106,106,11236,27.249357326478147,3,FALSE
2016-05-11,HOBBIES,Seasonal Naive,363,505,142,142,20164,28.118811881188122,3,FALSE
2016-05-12,HOBBIES,Seasonal Naive,410,596,186,186,34596,31.20805369127517,3,FALSE
2016-05-13,HOBBIES,Seasonal Naive,527,588,61,61,3721,10.374149659863946,3,FALSE
2016-05-14,HOBBIES,Seasonal Naive,670,806,136,136,18496,16.87344913151365,3,FALSE
2016-05-15,HOBBIES,Seasonal Naive,714,687,-27,27,729,3.9301310043668125,3,FALSE
2016-05-16,HOBBIES,Seasonal Naive,542,417,-125,125,15625,29.97601918465228,3,FALSE
2016-05-17,HOBBIES,Seasonal Naive,495,393,-102,102,10404,25.954198473282442,3,FALSE
2016-05-18,HOBBIES,Seasonal Naive,363,381,18,18,324,4.724409448818897,3,FALSE
2016-05-19,HOBBIES,Seasonal Naive,410,406,-4,4,16,0.9852216748768473,3,FALSE
2016-05-20,HOBBIES,Seasonal Naive,527,539,12,12,144,2.2263450834879404,3,FALSE
2016-05-21,HOBBIES,Seasonal Naive,670,719,49,49,2401,6.815020862308763,3,FALSE
2016-05-22,HOBBIES,Seasonal Naive,714,646,-68,68,4624,10.526315789473683,3,FALSE
2016-04-25,HOBBIES,XGBoost,593.60308837890625,589,-4.60308837890625,4.60308837890625,21.18842262402177,0.7815090626326401,1,TRUE
2016-04-26,HOBBIES,XGBoost,472.23291015625,426,-46.23291015625,46.23291015625,2137.4819815158844,10.85279581132629,1,TRUE
2016-04-27,HOBBIES,XGBoost,484.1661682128906,451,-33.166168212890625,33.166168212890625,1099.9947139257565,7.353917563833841,1,TRUE
2016-04-28,HOBBIES,XGBoost,428.3105773925781,432,3.689422607421875,3.689422607421875,13.611839176155627,0.8540330109772858,1,TRUE
2016-04-29,HOBBIES,XGBoost,501.71099853515625,584,82.28900146484375,82.28900146484375,6771.479762081057,14.09058244261023,1,TRUE
2016-04-30,HOBBIES,XGBoost,579.92425537109375,636,56.07574462890625,56.07574462890625,3144.489135686308,8.816940979387775,1,TRUE
2016-05-01,HOBBIES,XGBoost,641.75006103515625,684,42.24993896484375,42.24993896484375,1785.0573425330222,6.176891661526864,1,TRUE
2016-05-02,HOBBIES,XGBoost,500.33319091796875,529,28.66680908203125,28.66680908203125,821.7859429456294,5.419056537245983,1,TRUE
2016-05-03,HOBBIES,XGBoost,535.57330322265625,628,92.42669677734375,92.42669677734375,8542.694277171046,14.717626875373208,1,TRUE
2016-05-04,HOBBIES,XGBoost,524.0865478515625,565,40.9134521484375,40.9134521484375,1673.910566702485,7.241318964325222,1,TRUE
2016-05-05,HOBBIES,XGBoost,417.7878723144531,439,21.212127685546875,21.212127685546875,449.9543609479442,4.83191974613824,1,TRUE
2016-05-06,HOBBIES,XGBoost,536.34661865234375,570,33.65338134765625,33.65338134765625,1132.5500761307776,5.904101990816886,1,TRUE
2016-05-07,HOBBIES,XGBoost,552.58575439453125,646,93.41424560546875,93.41424560546875,8726.221282038838,14.460409536450273,1,TRUE
2016-05-08,HOBBIES,XGBoost,483.3861389160156,513,29.613861083984375,29.613861083984375,876.9807683015242,5.772682472511574,1,TRUE
2016-05-09,HOBBIES,XGBoost,578.45294189453125,641,62.54705810546875,62.54705810546875,3912.134477648884,9.757731373708072,1,TRUE
2016-05-10,HOBBIES,XGBoost,351.9513244628906,389,37.048675537109375,37.048675537109375,1372.6043590540066,9.524081114938143,1,TRUE
2016-05-11,HOBBIES,XGBoost,414.3040771484375,505,90.6959228515625,90.6959228515625,8225.750421896577,17.959588683477723,1,TRUE
2016-05-12,HOBBIES,XGBoost,495.9753723144531,596,100.02462768554688,100.02462768554688,10004.92614363227,16.782655651937397,1,TRUE
2016-05-13,HOBBIES,XGBoost,446.1439514160156,588,141.85604858398438,141.85604858398438,20123.138519861735,24.125178330609586,1,TRUE
2016-05-14,HOBBIES,XGBoost,653.10638427734375,806,152.89361572265625,152.89361572265625,23376.45772874728,18.969431231098792,1,TRUE
2016-05-15,HOBBIES,XGBoost,614.99346923828125,687,72.00653076171875,72.00653076171875,5184.940472338349,10.481299965315683,1,TRUE
2016-05-16,HOBBIES,XGBoost,421.84844970703125,417,-4.84844970703125,4.84844970703125,23.507464561611414,1.1626977714703237,1,TRUE
2016-05-17,HOBBIES,XGBoost,439.18634033203125,393,-46.18634033203125,46.18634033203125,2133.1780332662165,11.752249448354007,1,TRUE
2016-05-18,HOBBIES,XGBoost,357.7486267089844,381,23.251373291015625,23.251373291015625,540.6263599181548,6.1027226485605315,1,TRUE
2016-05-19,HOBBIES,XGBoost,334.23052978515625,406,71.76947021484375,71.76947021484375,5150.856854919344,17.67720941252309,1,TRUE
2016-05-20,HOBBIES,XGBoost,475.9154052734375,539,63.0845947265625,63.0845947265625,3979.666091814637,11.704006442775974,1,TRUE
2016-05-21,HOBBIES,XGBoost,653.61676025390625,719,65.38323974609375,65.38323974609375,4274.9680396951735,9.09363556969315,1,TRUE
2016-05-22,HOBBIES,XGBoost,615.91180419921875,646,30.08819580078125,30.08819580078125,905.2995265461504,4.657615449037345,1,TRUE
2016-04-25,HOUSEHOLD,ETS,965.3551097227006,990,24.644890277299396,24.644890277299396,607.3706167801263,2.489382856292868,1,TRUE
2016-04-26,HOUSEHOLD,ETS,819.2441397037113,759,-60.24413970371131,60.24413970371131,3629.356368640286,7.937304308789369,1,TRUE
2016-04-27,HOUSEHOLD,ETS,794.2063389920161,797,2.7936610079839284,2.7936610079839284,7.804541827529778,0.3505220838122871,1,TRUE
2016-04-28,HOUSEHOLD,ETS,802.4076631208915,740,-62.40766312089147,62.40766312089147,3894.7164162106774,8.433467989309658,1,TRUE
2016-04-29,HOUSEHOLD,ETS,913.6183141513264,957,43.381685848673555,43.381685848673555,1881.9706670730034,4.533091520237571,1,TRUE
2016-04-30,HOUSEHOLD,ETS,1299.3659021081298,1312,12.63409789187017,12.63409789187017,159.62042954135825,0.9629647783437629,1,TRUE
2016-05-01,HOUSEHOLD,ETS,1316.5370815957986,1459,142.46291840420145,142.46291840420145,20295.68312024216,9.764422097614904,1,TRUE
2016-05-02,HOUSEHOLD,ETS,965.3551097227006,987,21.644890277299396,21.644890277299396,468.5012751163299,2.192998001752725,1,TRUE
2016-05-03,HOUSEHOLD,ETS,819.2441397037113,969,149.7558602962887,149.7558602962887,22426.817693081535,15.454681145127832,1,TRUE
2016-05-04,HOUSEHOLD,ETS,794.2063389920161,829,34.79366100798393,34.79366100798393,1210.5988463385013,4.197064054039075,1,TRUE
2016-05-05,HOUSEHOLD,ETS,802.4076631208915,744,-58.40766312089147,58.40766312089147,3411.4551112435456,7.850492354958531,1,TRUE
2016-05-06,HOUSEHOLD,ETS,913.6183141513264,931,17.381685848673555,17.381685848673555,302.12300294197854,1.866990961189426,1,TRUE
2016-05-07,HOUSEHOLD,ETS,1299.3659021081298,1317,17.63409789187017,17.63409789187017,310.96140846005994,1.3389595969529362,1,TRUE
2016-05-08,HOUSEHOLD,ETS,1316.5370815957986,1069,-247.53708159579855,247.53708159579855,61274.60676496503,23.155947763872643,1,TRUE
2016-05-09,HOUSEHOLD,ETS,965.3551097227006,973,7.644890277299396,7.644890277299396,58.44434735194684,0.7857030089721887,1,TRUE
2016-05-10,HOUSEHOLD,ETS,819.2441397037113,819,-0.244139703711312,0.244139703711312,0.05960419492824721,0.02980948763263883,1,TRUE
2016-05-11,HOUSEHOLD,ETS,794.2063389920161,790,-4.206338992016072,4.206338992016072,17.69328771575478,0.5324479736729204,1,TRUE
2016-05-12,HOUSEHOLD,ETS,802.4076631208915,790,-12.40766312089147,12.40766312089147,153.95010412153027,1.5705902684672746,1,TRUE
2016-05-13,HOUSEHOLD,ETS,913.6183141513264,998,84.38168584867356,84.38168584867356,7120.268906664235,8.45507874235206,1,TRUE
2016-05-14,HOUSEHOLD,ETS,1299.3659021081298,1393,93.63409789187017,93.63409789187017,8767.344288024326,6.72175864263246,1,TRUE
2016-05-15,HOUSEHOLD,ETS,1316.5370815957986,1303,-13.537081595798554,13.537081595798554,183.25257813130793,1.0389164693628974,1,TRUE
2016-05-16,HOUSEHOLD,ETS,965.3551097227006,953,-12.355109722700604,12.355109722700604,152.648736259971,1.2964438323925083,1,TRUE
2016-05-17,HOUSEHOLD,ETS,819.2441397037113,762,-57.24413970371131,57.24413970371131,3276.8915304180177,7.512354291825632,1,TRUE
2016-05-18,HOUSEHOLD,ETS,794.2063389920161,798,3.7936610079839284,3.7936610079839284,14.391863843497635,0.4753961162887128,1,TRUE
2016-05-19,HOUSEHOLD,ETS,802.4076631208915,876,73.59233687910853,73.59233687910853,5415.832047328197,8.40095169852837,1,TRUE
2016-05-20,HOUSEHOLD,ETS,913.6183141513264,901,-12.618314151326445,12.618314151326445,159.2218520215652,1.4004788181272412,1,TRUE
2016-05-21,HOUSEHOLD,ETS,1299.3659021081298,1262,-37.36590210812983,37.36590210812983,1396.2106403543414,2.960848027585565,1,TRUE
2016-05-22,HOUSEHOLD,ETS,1316.5370815957986,1316,-0.5370815957985542,0.5370815957985542,0.28845664054552156,0.04081167141326399,1,TRUE
2016-04-25,HOUSEHOLD,Seasonal Naive,917,990,73,73,5329,7.373737373737374,2,FALSE
2016-04-26,HOUSEHOLD,Seasonal Naive,810,759,-51,51,2601,6.719367588932807,2,FALSE
2016-04-27,HOUSEHOLD,Seasonal Naive,869,797,-72,72,5184,9.03387703889586,2,FALSE
2016-04-28,HOUSEHOLD,Seasonal Naive,766,740,-26,26,676,3.5135135135135136,2,FALSE
2016-04-29,HOUSEHOLD,Seasonal Naive,900,957,57,57,3249,5.956112852664576,2,FALSE
2016-04-30,HOUSEHOLD,Seasonal Naive,1252,1312,60,60,3600,4.573170731707317,2,FALSE
2016-05-01,HOUSEHOLD,Seasonal Naive,1346,1459,113,113,12769,7.74503084304318,2,FALSE
2016-05-02,HOUSEHOLD,Seasonal Naive,917,987,70,70,4900,7.092198581560284,2,FALSE
2016-05-03,HOUSEHOLD,Seasonal Naive,810,969,159,159,25281,16.408668730650156,2,FALSE
2016-05-04,HOUSEHOLD,Seasonal Naive,869,829,-40,40,1600,4.8250904704463204,2,FALSE
2016-05-05,HOUSEHOLD,Seasonal Naive,766,744,-22,22,484,2.956989247311828,2,FALSE
2016-05-06,HOUSEHOLD,Seasonal Naive,900,931,31,31,961,3.329752953813104,2,FALSE
2016-05-07,HOUSEHOLD,Seasonal Naive,1252,1317,65,65,4225,4.935459377372816,2,FALSE
2016-05-08,HOUSEHOLD,Seasonal Naive,1346,1069,-277,277,76729,25.91206735266604,2,FALSE
2016-05-09,HOUSEHOLD,Seasonal Naive,917,973,56,56,3136,5.755395683453238,2,FALSE
2016-05-10,HOUSEHOLD,Seasonal Naive,810,819,9,9,81,1.098901098901099,2,FALSE
2016-05-11,HOUSEHOLD,Seasonal Naive,869,790,-79,79,6241,10,2,FALSE
2016-05-12,HOUSEHOLD,Seasonal Naive,766,790,24,24,576,3.0379746835443036,2,FALSE
2016-05-13,HOUSEHOLD,Seasonal Naive,900,998,98,98,9604,9.819639278557114,2,FALSE
2016-05-14,HOUSEHOLD,Seasonal Naive,1252,1393,141,141,19881,10.122038765254846,2,FALSE
2016-05-15,HOUSEHOLD,Seasonal Naive,1346,1303,-43,43,1849,3.300076745970836,2,FALSE
2016-05-16,HOUSEHOLD,Seasonal Naive,917,953,36,36,1296,3.777544596012592,2,FALSE
2016-05-17,HOUSEHOLD,Seasonal Naive,810,762,-48,48,2304,6.299212598425196,2,FALSE
2016-05-18,HOUSEHOLD,Seasonal Naive,869,798,-71,71,5041,8.897243107769423,2,FALSE
2016-05-19,HOUSEHOLD,Seasonal Naive,766,876,110,110,12100,12.557077625570775,2,FALSE
2016-05-20,HOUSEHOLD,Seasonal Naive,900,901,1,1,1,0.11098779134295228,2,FALSE
2016-05-21,HOUSEHOLD,Seasonal Naive,1252,1262,10,10,100,0.7923930269413629,2,FALSE
2016-05-22,HOUSEHOLD,Seasonal Naive,1346,1316,-30,30,900,2.2796352583586628,2,FALSE
2016-04-25,HOUSEHOLD,XGBoost,895.43768310546875,990,94.56231689453125,94.56231689453125,8942.03177646175,9.551749181265782,3,FALSE
2016-04-26,HOUSEHOLD,XGBoost,756.38604736328125,759,2.61395263671875,2.61395263671875,6.832748387008905,0.3443942867877141,3,FALSE
2016-04-27,HOUSEHOLD,XGBoost,730.0399169921875,797,66.9600830078125,66.9600830078125,4483.65271641314,8.401516061206085,3,FALSE
2016-04-28,HOUSEHOLD,XGBoost,683.402099609375,740,56.597900390625,56.597900390625,3203.3223286271095,7.648364917652027,3,FALSE
2016-04-29,HOUSEHOLD,XGBoost,882.930419921875,957,74.069580078125,74.069580078125,5486.302692949772,7.739768033241902,3,FALSE
2016-04-30,HOUSEHOLD,XGBoost,1010.033447265625,1312,301.966552734375,301.966552734375,91183.79897028208,23.01574334865663,3,FALSE
2016-05-01,HOUSEHOLD,XGBoost,1171.327880859375,1459,287.672119140625,287.672119140625,82755.24813085794,19.717074649802946,3,FALSE
2016-05-02,HOUSEHOLD,XGBoost,1000.0217895507812,987,-13.02178955078125,13.02178955078125,169.56700310483575,1.3193302483061042,3,FALSE
2016-05-03,HOUSEHOLD,XGBoost,841.61834716796875,969,127.38165283203125,127.38165283203125,16226.085478220135,13.145681406814372,3,FALSE
2016-05-04,HOUSEHOLD,XGBoost,783.55584716796875,829,45.44415283203125,45.44415283203125,2065.171026621014,5.481803719183504,3,FALSE
2016-05-05,HOUSEHOLD,XGBoost,806.20965576171875,744,-62.20965576171875,62.20965576171875,3870.041269991547,8.361512871198757,3,FALSE
2016-05-06,HOUSEHOLD,XGBoost,918.06927490234375,931,12.93072509765625,12.93072509765625,167.20365155115724,1.3889070996408432,3,FALSE
2016-05-07,HOUSEHOLD,XGBoost,1325.6468505859375,1317,-8.6468505859375,8.6468505859375,74.76802505552769,0.6565566124477981,3,FALSE
2016-05-08,HOUSEHOLD,XGBoost,990.47845458984375,1069,78.52154541015625,78.52154541015625,6165.63309359923,7.345326979434636,3,FALSE
2016-05-09,HOUSEHOLD,XGBoost,921.30828857421875,973,51.69171142578125,51.69171142578125,2672.033030126244,5.312611657325925,3,FALSE
2016-05-10,HOUSEHOLD,XGBoost,733.1627197265625,819,85.8372802734375,85.8372802734375,7368.038684740663,10.480742402129122,3,FALSE
2016-05-11,HOUSEHOLD,XGBoost,706.0433349609375,790,83.9566650390625,83.9566650390625,7048.7216044813395,10.62742595431171,3,FALSE
2016-05-12,HOUSEHOLD,XGBoost,739.05462646484375,790,50.94537353515625,50.94537353515625,2595.431084636599,6.4487814601463604,3,FALSE
2016-05-13,HOUSEHOLD,XGBoost,886.4761962890625,998,111.5238037109375,111.5238037109375,12437.558794155717,11.174729830755261,3,FALSE
2016-05-14,HOUSEHOLD,XGBoost,1221.1279296875,1393,171.8720703125,171.8720703125,29540.008553504944,12.338267789842067,3,FALSE
2016-05-15,HOUSEHOLD,XGBoost,1079.681396484375,1303,223.318603515625,223.318603515625,49871.19867616892,17.138803032665002,3,FALSE
2016-05-16,HOUSEHOLD,XGBoost,856.8841552734375,953,96.1158447265625,96.1158447265625,9238.255607500672,10.085608051055877,3,FALSE
2016-05-17,HOUSEHOLD,XGBoost,725.0819091796875,762,36.9180908203125,36.9180908203125,1362.945429816842,4.844893808439961,3,FALSE
2016-05-18,HOUSEHOLD,XGBoost,735.4307861328125,798,62.5692138671875,62.5692138671875,3914.9065239578485,7.840753617442042,3,FALSE
2016-05-19,HOUSEHOLD,XGBoost,768.7972412109375,876,107.2027587890625,107.2027587890625,11492.431491985917,12.237757852632706,3,FALSE
2016-05-20,HOUSEHOLD,XGBoost,850.7606201171875,901,50.2393798828125,50.2393798828125,2523.9952910095453,5.575957811632907,3,FALSE
2016-05-21,HOUSEHOLD,XGBoost,1103.350830078125,1262,158.649169921875,158.649169921875,25169.559116899967,12.571249597612915,3,FALSE
2016-05-22,HOUSEHOLD,XGBoost,1215.8223876953125,1316,100.1776123046875,100.1776123046875,10035.554007068276,7.612280570265008,3,FALSE
